SELECT * from Users;
 uid | latitude | longitude | name
-----+----------+-----------+-------
   1 |       50 |        50 | Kevin
   2 |       50 |        50 | Diane
   3 |       50 |        50 | Jarod
(3 rows)

SELECT ingredient_name FROM PantryIngredients as p1, Users as p3, UserPantry as p2 WHERE p3.name='Diane' AND p1.pantryid=p2.pantryid AND p2.uid=p3.uid;
 ingredient_name
-----------------
 Sugar
(1 row)

SELECT uid, name FROM Users WHERE longitude>50 AND longitude<80 AND latitude>50 AND latitude<80;
 uid | name
-----+------
(0 rows)

SELECT name FROM Ingredients WHERE name='tomato' or name='cheese';
 name
------
(0 rows)

SELECT url, name FROM Recipe WHERE name LIKE 'Tomato%';
         url         |    name
---------------------+-------------
 http://example3.com | Tomato Soup
(1 row)

INSERT INTO Recipe VALUES
        ('Noodlessss Soup', 'http://noodlesss.com');
INSERT 0 1
SELECT url, name FROM Recipe WHERE name LIKE 'Noodle%';
         url          |      name
----------------------+-----------------
 http://noodlesss.com | Noodlessss Soup
(1 row)

INSERT INTO Users VALUES
        (005, 90, 90, 'Emily');
INSERT 0 1
SELECT longitude, latitude FROM Users WHERE name='Emily';
 longitude | latitude
-----------+----------
        90 |       90
(1 row)
INSERT INTO Ingredients VALUES
        ('Eggs', 'Number', 6);
INSERT 0 1
INSERT INTO UserPantry VALUES
        (005, 005);
INSERT 0 1
INSERT INTO PantryIngredients VALUES
        (005, 'Eggs', 3),
    (005, 'Flour', 1);
INSERT 0 2
SELECT ingredient_name FROM PantryIngredients as p1, Users as p3, UserPantry as p2 WHERE p3.name='Emily' AND p1.pantryid=p2.pantryid AND p2.uid=p3.uid;
 ingredient_name
-----------------
 Eggs
 Flour
(2 rows)
DELETE FROM PantryIngredients WHERE pantryid=5 AND ingredient_name='Flour';
DELETE 1
